,,,Stand,Hit,Optimal,Optimal Return
0,1,True,"tensor(-1.0592, grad_fn=<SelectBackward0>)","tensor(-0.0630, grad_fn=<SelectBackward0>)",Hit,-0.0630452111363411
0,1,False,"tensor(-0.7058, grad_fn=<SelectBackward0>)","tensor(-0.0168, grad_fn=<SelectBackward0>)",Hit,-0.01679808646440506
0,2,True,"tensor(-0.8198, grad_fn=<SelectBackward0>)","tensor(0.0909, grad_fn=<SelectBackward0>)",Hit,0.09091787785291672
0,2,False,"tensor(-0.5619, grad_fn=<SelectBackward0>)","tensor(0.1681, grad_fn=<SelectBackward0>)",Hit,0.1681271195411682
0,3,True,"tensor(-0.8237, grad_fn=<SelectBackward0>)","tensor(0.1118, grad_fn=<SelectBackward0>)",Hit,0.11179893463850021
0,3,False,"tensor(-0.6283, grad_fn=<SelectBackward0>)","tensor(0.2519, grad_fn=<SelectBackward0>)",Hit,0.25191229581832886
0,4,True,"tensor(-0.9094, grad_fn=<SelectBackward0>)","tensor(0.1346, grad_fn=<SelectBackward0>)",Hit,0.13455504179000854
0,4,False,"tensor(-0.7312, grad_fn=<SelectBackward0>)","tensor(0.2917, grad_fn=<SelectBackward0>)",Hit,0.29169267416000366
0,5,True,"tensor(-1.0078, grad_fn=<SelectBackward0>)","tensor(0.1295, grad_fn=<SelectBackward0>)",Hit,0.12953513860702515
0,5,False,"tensor(-0.8315, grad_fn=<SelectBackward0>)","tensor(0.2707, grad_fn=<SelectBackward0>)",Hit,0.27072882652282715
0,6,True,"tensor(-1.1028, grad_fn=<SelectBackward0>)","tensor(0.0801, grad_fn=<SelectBackward0>)",Hit,0.08006935566663742
0,6,False,"tensor(-0.9150, grad_fn=<SelectBackward0>)","tensor(0.2201, grad_fn=<SelectBackward0>)",Hit,0.2201041579246521
0,7,True,"tensor(-1.1910, grad_fn=<SelectBackward0>)","tensor(0.0121, grad_fn=<SelectBackward0>)",Hit,0.012062899768352509
0,7,False,"tensor(-0.9941, grad_fn=<SelectBackward0>)","tensor(0.1461, grad_fn=<SelectBackward0>)",Hit,0.14611387252807617
0,8,True,"tensor(-1.2667, grad_fn=<SelectBackward0>)","tensor(-0.0624, grad_fn=<SelectBackward0>)",Hit,-0.06240994483232498
0,8,False,"tensor(-1.0694, grad_fn=<SelectBackward0>)","tensor(0.0649, grad_fn=<SelectBackward0>)",Hit,0.06492244452238083
0,9,True,"tensor(-1.3434, grad_fn=<SelectBackward0>)","tensor(-0.1529, grad_fn=<SelectBackward0>)",Hit,-0.15291732549667358
0,9,False,"tensor(-1.1428, grad_fn=<SelectBackward0>)","tensor(-0.0186, grad_fn=<SelectBackward0>)",Hit,-0.018556959927082062
0,10,True,"tensor(-1.4201, grad_fn=<SelectBackward0>)","tensor(-0.2492, grad_fn=<SelectBackward0>)",Hit,-0.24918994307518005
0,10,False,"tensor(-1.2186, grad_fn=<SelectBackward0>)","tensor(-0.1135, grad_fn=<SelectBackward0>)",Hit,-0.11346221715211868
1,1,True,"tensor(-1.1387, grad_fn=<SelectBackward0>)","tensor(-0.1831, grad_fn=<SelectBackward0>)",Hit,-0.18307262659072876
1,1,False,"tensor(-0.7891, grad_fn=<SelectBackward0>)","tensor(-0.1740, grad_fn=<SelectBackward0>)",Hit,-0.17396485805511475
1,2,True,"tensor(-0.8146, grad_fn=<SelectBackward0>)","tensor(0.0253, grad_fn=<SelectBackward0>)",Hit,0.02529173344373703
1,2,False,"tensor(-0.5709, grad_fn=<SelectBackward0>)","tensor(0.0566, grad_fn=<SelectBackward0>)",Hit,0.056566350162029266
1,3,True,"tensor(-0.7620, grad_fn=<SelectBackward0>)","tensor(0.0538, grad_fn=<SelectBackward0>)",Hit,0.05376260727643967
1,3,False,"tensor(-0.5724, grad_fn=<SelectBackward0>)","tensor(0.1643, grad_fn=<SelectBackward0>)",Hit,0.1642637848854065
1,4,True,"tensor(-0.8237, grad_fn=<SelectBackward0>)","tensor(0.0808, grad_fn=<SelectBackward0>)",Hit,0.08083748072385788
1,4,False,"tensor(-0.6532, grad_fn=<SelectBackward0>)","tensor(0.2273, grad_fn=<SelectBackward0>)",Hit,0.22730547189712524
1,5,True,"tensor(-0.9147, grad_fn=<SelectBackward0>)","tensor(0.0828, grad_fn=<SelectBackward0>)",Hit,0.08278720825910568
1,5,False,"tensor(-0.7452, grad_fn=<SelectBackward0>)","tensor(0.2189, grad_fn=<SelectBackward0>)",Hit,0.21892118453979492
1,6,True,"tensor(-1.0094, grad_fn=<SelectBackward0>)","tensor(0.0416, grad_fn=<SelectBackward0>)",Hit,0.041609279811382294
1,6,False,"tensor(-0.8286, grad_fn=<SelectBackward0>)","tensor(0.1707, grad_fn=<SelectBackward0>)",Hit,0.17069131135940552
1,7,True,"tensor(-1.0996, grad_fn=<SelectBackward0>)","tensor(-0.0291, grad_fn=<SelectBackward0>)",Hit,-0.029069669544696808
1,7,False,"tensor(-0.9060, grad_fn=<SelectBackward0>)","tensor(0.0998, grad_fn=<SelectBackward0>)",Hit,0.09980934113264084
1,8,True,"tensor(-1.1764, grad_fn=<SelectBackward0>)","tensor(-0.1111, grad_fn=<SelectBackward0>)",Hit,-0.11107868701219559
1,8,False,"tensor(-0.9815, grad_fn=<SelectBackward0>)","tensor(0.0207, grad_fn=<SelectBackward0>)",Hit,0.020693115890026093
1,9,True,"tensor(-1.2537, grad_fn=<SelectBackward0>)","tensor(-0.2056, grad_fn=<SelectBackward0>)",Hit,-0.20560383796691895
1,9,False,"tensor(-1.0530, grad_fn=<SelectBackward0>)","tensor(-0.0673, grad_fn=<SelectBackward0>)",Hit,-0.06728512793779373
1,10,True,"tensor(-1.3286, grad_fn=<SelectBackward0>)","tensor(-0.3084, grad_fn=<SelectBackward0>)",Hit,-0.3084138333797455
1,10,False,"tensor(-1.1264, grad_fn=<SelectBackward0>)","tensor(-0.1641, grad_fn=<SelectBackward0>)",Hit,-0.16412878036499023
2,1,True,"tensor(-1.1920, grad_fn=<SelectBackward0>)","tensor(-0.3228, grad_fn=<SelectBackward0>)",Hit,-0.32279157638549805
2,1,False,"tensor(-0.8921, grad_fn=<SelectBackward0>)","tensor(-0.3424, grad_fn=<SelectBackward0>)",Hit,-0.3424474000930786
2,2,True,"tensor(-0.8444, grad_fn=<SelectBackward0>)","tensor(-0.0709, grad_fn=<SelectBackward0>)",Hit,-0.07090944796800613
2,2,False,"tensor(-0.5948, grad_fn=<SelectBackward0>)","tensor(-0.0591, grad_fn=<SelectBackward0>)",Hit,-0.05906028300523758
2,3,True,"tensor(-0.7540, grad_fn=<SelectBackward0>)","tensor(-0.0092, grad_fn=<SelectBackward0>)",Hit,-0.009160585701465607
2,3,False,"tensor(-0.5522, grad_fn=<SelectBackward0>)","tensor(0.0499, grad_fn=<SelectBackward0>)",Hit,0.04992198199033737
2,4,True,"tensor(-0.7640, grad_fn=<SelectBackward0>)","tensor(0.0159, grad_fn=<SelectBackward0>)",Hit,0.015946142375469208
2,4,False,"tensor(-0.5932, grad_fn=<SelectBackward0>)","tensor(0.1362, grad_fn=<SelectBackward0>)",Hit,0.13615775108337402
2,5,True,"tensor(-0.8222, grad_fn=<SelectBackward0>)","tensor(0.0366, grad_fn=<SelectBackward0>)",Hit,0.03656577318906784
2,5,False,"tensor(-0.6615, grad_fn=<SelectBackward0>)","tensor(0.1566, grad_fn=<SelectBackward0>)",Hit,0.15661472082138062
2,6,True,"tensor(-0.9078, grad_fn=<SelectBackward0>)","tensor(0.0105, grad_fn=<SelectBackward0>)",Hit,0.010450951755046844
2,6,False,"tensor(-0.7336, grad_fn=<SelectBackward0>)","tensor(0.1237, grad_fn=<SelectBackward0>)",Hit,0.12372993677854538
2,7,True,"tensor(-0.9967, grad_fn=<SelectBackward0>)","tensor(-0.0701, grad_fn=<SelectBackward0>)",Hit,-0.07011491805315018
2,7,False,"tensor(-0.8111, grad_fn=<SelectBackward0>)","tensor(0.0596, grad_fn=<SelectBackward0>)",Hit,0.05957411974668503
2,8,True,"tensor(-1.0773, grad_fn=<SelectBackward0>)","tensor(-0.1605, grad_fn=<SelectBackward0>)",Hit,-0.16049250960350037
2,8,False,"tensor(-0.8848, grad_fn=<SelectBackward0>)","tensor(-0.0190, grad_fn=<SelectBackward0>)",Hit,-0.01897556334733963
2,9,True,"tensor(-1.1534, grad_fn=<SelectBackward0>)","tensor(-0.2635, grad_fn=<SelectBackward0>)",Hit,-0.2634613513946533
2,9,False,"tensor(-0.9583, grad_fn=<SelectBackward0>)","tensor(-0.1142, grad_fn=<SelectBackward0>)",Hit,-0.11422253400087357
2,10,True,"tensor(-1.2284, grad_fn=<SelectBackward0>)","tensor(-0.3711, grad_fn=<SelectBackward0>)",Hit,-0.371067613363266
2,10,False,"tensor(-1.0329, grad_fn=<SelectBackward0>)","tensor(-0.2188, grad_fn=<SelectBackward0>)",Hit,-0.21880286931991577
3,1,True,"tensor(-1.2293, grad_fn=<SelectBackward0>)","tensor(-0.4156, grad_fn=<SelectBackward0>)",Hit,-0.4155738949775696
3,1,False,"tensor(-0.9647, grad_fn=<SelectBackward0>)","tensor(-0.4404, grad_fn=<SelectBackward0>)",Hit,-0.44044721126556396
3,2,True,"tensor(-0.9026, grad_fn=<SelectBackward0>)","tensor(-0.1936, grad_fn=<SelectBackward0>)",Hit,-0.19364452362060547
3,2,False,"tensor(-0.6156, grad_fn=<SelectBackward0>)","tensor(-0.1923, grad_fn=<SelectBackward0>)",Hit,-0.19226765632629395
3,3,True,"tensor(-0.7525, grad_fn=<SelectBackward0>)","tensor(-0.0777, grad_fn=<SelectBackward0>)",Hit,-0.07774294167757034
3,3,False,"tensor(-0.5485, grad_fn=<SelectBackward0>)","tensor(-0.0581, grad_fn=<SelectBackward0>)",Hit,-0.058122940361499786
3,4,True,"tensor(-0.7203, grad_fn=<SelectBackward0>)","tensor(-0.0514, grad_fn=<SelectBackward0>)",Hit,-0.051436491310596466
3,4,False,"tensor(-0.5380, grad_fn=<SelectBackward0>)","tensor(0.0363, grad_fn=<SelectBackward0>)",Hit,0.03629981726408005
3,5,True,"tensor(-0.7674, grad_fn=<SelectBackward0>)","tensor(-0.0234, grad_fn=<SelectBackward0>)",Hit,-0.02335185557603836
3,5,False,"tensor(-0.5937, grad_fn=<SelectBackward0>)","tensor(0.0834, grad_fn=<SelectBackward0>)",Hit,0.08342467993497849
3,6,True,"tensor(-0.8344, grad_fn=<SelectBackward0>)","tensor(-0.0432, grad_fn=<SelectBackward0>)",Hit,-0.04319114238023758
3,6,False,"tensor(-0.6644, grad_fn=<SelectBackward0>)","tensor(0.0677, grad_fn=<SelectBackward0>)",Hit,0.06774591654539108
3,7,True,"tensor(-0.9015, grad_fn=<SelectBackward0>)","tensor(-0.1138, grad_fn=<SelectBackward0>)",Hit,-0.11375809460878372
3,7,False,"tensor(-0.7247, grad_fn=<SelectBackward0>)","tensor(0.0126, grad_fn=<SelectBackward0>)",Hit,0.012562684714794159
3,8,True,"tensor(-0.9733, grad_fn=<SelectBackward0>)","tensor(-0.2105, grad_fn=<SelectBackward0>)",Hit,-0.2104734480381012
3,8,False,"tensor(-0.7808, grad_fn=<SelectBackward0>)","tensor(-0.0684, grad_fn=<SelectBackward0>)",Hit,-0.06837768107652664
3,9,True,"tensor(-1.0502, grad_fn=<SelectBackward0>)","tensor(-0.3156, grad_fn=<SelectBackward0>)",Hit,-0.31563687324523926
3,9,False,"tensor(-0.8596, grad_fn=<SelectBackward0>)","tensor(-0.1700, grad_fn=<SelectBackward0>)",Hit,-0.17002081871032715
3,10,True,"tensor(-1.1298, grad_fn=<SelectBackward0>)","tensor(-0.4275, grad_fn=<SelectBackward0>)",Hit,-0.42746955156326294
3,10,False,"tensor(-0.9411, grad_fn=<SelectBackward0>)","tensor(-0.2750, grad_fn=<SelectBackward0>)",Hit,-0.27498266100883484
4,1,True,"tensor(-1.2651, grad_fn=<SelectBackward0>)","tensor(-0.4665, grad_fn=<SelectBackward0>)",Hit,-0.4665296673774719
4,1,False,"tensor(-1.0201, grad_fn=<SelectBackward0>)","tensor(-0.4827, grad_fn=<SelectBackward0>)",Hit,-0.4826905131340027
4,2,True,"tensor(-0.9133, grad_fn=<SelectBackward0>)","tensor(-0.2357, grad_fn=<SelectBackward0>)",Hit,-0.23570352792739868
4,2,False,"tensor(-0.6305, grad_fn=<SelectBackward0>)","tensor(-0.2595, grad_fn=<SelectBackward0>)",Hit,-0.2594873905181885
4,3,True,"tensor(-0.7612, grad_fn=<SelectBackward0>)","tensor(-0.1379, grad_fn=<SelectBackward0>)",Hit,-0.1378796100616455
4,3,False,"tensor(-0.5510, grad_fn=<SelectBackward0>)","tensor(-0.1486, grad_fn=<SelectBackward0>)",Hit,-0.1485920548439026
4,4,True,"tensor(-0.6971, grad_fn=<SelectBackward0>)","tensor(-0.1129, grad_fn=<SelectBackward0>)",Hit,-0.11294127255678177
4,4,False,"tensor(-0.5055, grad_fn=<SelectBackward0>)","tensor(-0.0743, grad_fn=<SelectBackward0>)",Hit,-0.07432705909013748
4,5,True,"tensor(-0.7176, grad_fn=<SelectBackward0>)","tensor(-0.0917, grad_fn=<SelectBackward0>)",Hit,-0.09170181304216385
4,5,False,"tensor(-0.5305, grad_fn=<SelectBackward0>)","tensor(-0.0022, grad_fn=<SelectBackward0>)",Hit,-0.002221830189228058
4,6,True,"tensor(-0.7704, grad_fn=<SelectBackward0>)","tensor(-0.0988, grad_fn=<SelectBackward0>)",Hit,-0.09875447303056717
4,6,False,"tensor(-0.5980, grad_fn=<SelectBackward0>)","tensor(0.0062, grad_fn=<SelectBackward0>)",Hit,0.006196849048137665
4,7,True,"tensor(-0.8359, grad_fn=<SelectBackward0>)","tensor(-0.1756, grad_fn=<SelectBackward0>)",Hit,-0.1756393313407898
4,7,False,"tensor(-0.6612, grad_fn=<SelectBackward0>)","tensor(-0.0448, grad_fn=<SelectBackward0>)",Hit,-0.04475981742143631
4,8,True,"tensor(-0.9026, grad_fn=<SelectBackward0>)","tensor(-0.2744, grad_fn=<SelectBackward0>)",Hit,-0.2743842899799347
4,8,False,"tensor(-0.7187, grad_fn=<SelectBackward0>)","tensor(-0.1310, grad_fn=<SelectBackward0>)",Hit,-0.13101714849472046
4,9,True,"tensor(-0.9608, grad_fn=<SelectBackward0>)","tensor(-0.3745, grad_fn=<SelectBackward0>)",Hit,-0.37451526522636414
4,9,False,"tensor(-0.7790, grad_fn=<SelectBackward0>)","tensor(-0.2287, grad_fn=<SelectBackward0>)",Hit,-0.22867953777313232
4,10,True,"tensor(-1.0281, grad_fn=<SelectBackward0>)","tensor(-0.4815, grad_fn=<SelectBackward0>)",Hit,-0.48151683807373047
4,10,False,"tensor(-0.8382, grad_fn=<SelectBackward0>)","tensor(-0.3329, grad_fn=<SelectBackward0>)",Hit,-0.33287182450294495
5,1,True,"tensor(-1.2870, grad_fn=<SelectBackward0>)","tensor(-0.5136, grad_fn=<SelectBackward0>)",Hit,-0.5135799646377563
5,1,False,"tensor(-1.0528, grad_fn=<SelectBackward0>)","tensor(-0.5055, grad_fn=<SelectBackward0>)",Hit,-0.5054615139961243
5,2,True,"tensor(-0.8971, grad_fn=<SelectBackward0>)","tensor(-0.2739, grad_fn=<SelectBackward0>)",Hit,-0.27390193939208984
5,2,False,"tensor(-0.6253, grad_fn=<SelectBackward0>)","tensor(-0.2939, grad_fn=<SelectBackward0>)",Hit,-0.29387885332107544
5,3,True,"tensor(-0.7358, grad_fn=<SelectBackward0>)","tensor(-0.1696, grad_fn=<SelectBackward0>)",Hit,-0.1695612072944641
5,3,False,"tensor(-0.5242, grad_fn=<SelectBackward0>)","tensor(-0.1918, grad_fn=<SelectBackward0>)",Hit,-0.1918196678161621
5,4,True,"tensor(-0.6842, grad_fn=<SelectBackward0>)","tensor(-0.1266, grad_fn=<SelectBackward0>)",Hit,-0.12662822008132935
5,4,False,"tensor(-0.4905, grad_fn=<SelectBackward0>)","tensor(-0.1269, grad_fn=<SelectBackward0>)",Hit,-0.12690049409866333
5,5,True,"tensor(-0.6737, grad_fn=<SelectBackward0>)","tensor(-0.1544, grad_fn=<SelectBackward0>)",Hit,-0.15437054634094238
5,5,False,"tensor(-0.4728, grad_fn=<SelectBackward0>)","tensor(-0.0927, grad_fn=<SelectBackward0>)",Hit,-0.09266401082277298
5,6,True,"tensor(-0.7104, grad_fn=<SelectBackward0>)","tensor(-0.1623, grad_fn=<SelectBackward0>)",Hit,-0.16234076023101807
5,6,False,"tensor(-0.5234, grad_fn=<SelectBackward0>)","tensor(-0.0734, grad_fn=<SelectBackward0>)",Hit,-0.07340479642152786
5,7,True,"tensor(-0.7736, grad_fn=<SelectBackward0>)","tensor(-0.2308, grad_fn=<SelectBackward0>)",Hit,-0.23078995943069458
5,7,False,"tensor(-0.5925, grad_fn=<SelectBackward0>)","tensor(-0.1055, grad_fn=<SelectBackward0>)",Hit,-0.10550636798143387
5,8,True,"tensor(-0.8385, grad_fn=<SelectBackward0>)","tensor(-0.3399, grad_fn=<SelectBackward0>)",Hit,-0.3399023115634918
5,8,False,"tensor(-0.6567, grad_fn=<SelectBackward0>)","tensor(-0.1996, grad_fn=<SelectBackward0>)",Hit,-0.19958066940307617
5,9,True,"tensor(-0.9007, grad_fn=<SelectBackward0>)","tensor(-0.4452, grad_fn=<SelectBackward0>)",Hit,-0.44519102573394775
5,9,False,"tensor(-0.7174, grad_fn=<SelectBackward0>)","tensor(-0.3021, grad_fn=<SelectBackward0>)",Hit,-0.3021036982536316
5,10,True,"tensor(-0.9592, grad_fn=<SelectBackward0>)","tensor(-0.5497, grad_fn=<SelectBackward0>)",Hit,-0.5496755838394165
5,10,False,"tensor(-0.7928, grad_fn=<SelectBackward0>)","tensor(-0.3946, grad_fn=<SelectBackward0>)",Hit,-0.3945873975753784
6,1,True,"tensor(-1.2608, grad_fn=<SelectBackward0>)","tensor(-0.5314, grad_fn=<SelectBackward0>)",Hit,-0.5314434170722961
6,1,False,"tensor(-1.0522, grad_fn=<SelectBackward0>)","tensor(-0.5167, grad_fn=<SelectBackward0>)",Hit,-0.5166680216789246
6,2,True,"tensor(-0.8751, grad_fn=<SelectBackward0>)","tensor(-0.2967, grad_fn=<SelectBackward0>)",Hit,-0.29668471217155457
6,2,False,"tensor(-0.5955, grad_fn=<SelectBackward0>)","tensor(-0.2806, grad_fn=<SelectBackward0>)",Hit,-0.28064775466918945
6,3,True,"tensor(-0.7176, grad_fn=<SelectBackward0>)","tensor(-0.1939, grad_fn=<SelectBackward0>)",Hit,-0.19389092922210693
6,3,False,"tensor(-0.4692, grad_fn=<SelectBackward0>)","tensor(-0.2053, grad_fn=<SelectBackward0>)",Hit,-0.2052956223487854
6,4,True,"tensor(-0.6774, grad_fn=<SelectBackward0>)","tensor(-0.1000, grad_fn=<SelectBackward0>)",Hit,-0.10002095252275467
6,4,False,"tensor(-0.4899, grad_fn=<SelectBackward0>)","tensor(-0.1316, grad_fn=<SelectBackward0>)",Hit,-0.13157576322555542
6,5,True,"tensor(-0.6434, grad_fn=<SelectBackward0>)","tensor(-0.0971, grad_fn=<SelectBackward0>)",Hit,-0.09706182032823563
6,5,False,"tensor(-0.4414, grad_fn=<SelectBackward0>)","tensor(-0.0788, grad_fn=<SelectBackward0>)",Hit,-0.07881499081850052
6,6,True,"tensor(-0.6665, grad_fn=<SelectBackward0>)","tensor(-0.1418, grad_fn=<SelectBackward0>)",Hit,-0.14179664850234985
6,6,False,"tensor(-0.4650, grad_fn=<SelectBackward0>)","tensor(-0.0919, grad_fn=<SelectBackward0>)",Hit,-0.09189850836992264
6,7,True,"tensor(-0.7251, grad_fn=<SelectBackward0>)","tensor(-0.2368, grad_fn=<SelectBackward0>)",Hit,-0.23684173822402954
6,7,False,"tensor(-0.5377, grad_fn=<SelectBackward0>)","tensor(-0.1451, grad_fn=<SelectBackward0>)",Hit,-0.14512866735458374
6,8,True,"tensor(-0.7904, grad_fn=<SelectBackward0>)","tensor(-0.3647, grad_fn=<SelectBackward0>)",Hit,-0.36469584703445435
6,8,False,"tensor(-0.6163, grad_fn=<SelectBackward0>)","tensor(-0.2436, grad_fn=<SelectBackward0>)",Hit,-0.24358677864074707
6,9,True,"tensor(-0.8572, grad_fn=<SelectBackward0>)","tensor(-0.4755, grad_fn=<SelectBackward0>)",Hit,-0.47551387548446655
6,9,False,"tensor(-0.6919, grad_fn=<SelectBackward0>)","tensor(-0.3339, grad_fn=<SelectBackward0>)",Hit,-0.3339479863643646
6,10,True,"tensor(-0.9279, grad_fn=<SelectBackward0>)","tensor(-0.5697, grad_fn=<SelectBackward0>)",Hit,-0.5696935057640076
6,10,False,"tensor(-0.7669, grad_fn=<SelectBackward0>)","tensor(-0.4271, grad_fn=<SelectBackward0>)",Hit,-0.4270576238632202
7,1,True,"tensor(-1.2095, grad_fn=<SelectBackward0>)","tensor(-0.4892, grad_fn=<SelectBackward0>)",Hit,-0.4892154932022095
7,1,False,"tensor(-1.0277, grad_fn=<SelectBackward0>)","tensor(-0.4901, grad_fn=<SelectBackward0>)",Hit,-0.4901233911514282
7,2,True,"tensor(-0.8550, grad_fn=<SelectBackward0>)","tensor(-0.2605, grad_fn=<SelectBackward0>)",Hit,-0.2604874074459076
7,2,False,"tensor(-0.6014, grad_fn=<SelectBackward0>)","tensor(-0.2294, grad_fn=<SelectBackward0>)",Hit,-0.22935566306114197
7,3,True,"tensor(-0.7069, grad_fn=<SelectBackward0>)","tensor(-0.1682, grad_fn=<SelectBackward0>)",Hit,-0.16816630959510803
7,3,False,"tensor(-0.4118, grad_fn=<SelectBackward0>)","tensor(-0.1555, grad_fn=<SelectBackward0>)",Hit,-0.15546652674674988
7,4,True,"tensor(-0.6167, grad_fn=<SelectBackward0>)","tensor(-0.0803, grad_fn=<SelectBackward0>)",Hit,-0.0802932158112526
7,4,False,"tensor(-0.4425, grad_fn=<SelectBackward0>)","tensor(-0.1099, grad_fn=<SelectBackward0>)",Hit,-0.10992170125246048
7,5,True,"tensor(-0.6410, grad_fn=<SelectBackward0>)","tensor(-0.0495, grad_fn=<SelectBackward0>)",Hit,-0.04949597269296646
7,5,False,"tensor(-0.4601, grad_fn=<SelectBackward0>)","tensor(-0.0553, grad_fn=<SelectBackward0>)",Hit,-0.05528370290994644
7,6,True,"tensor(-0.6336, grad_fn=<SelectBackward0>)","tensor(-0.0583, grad_fn=<SelectBackward0>)",Hit,-0.05826709419488907
7,6,False,"tensor(-0.4284, grad_fn=<SelectBackward0>)","tensor(-0.0379, grad_fn=<SelectBackward0>)",Hit,-0.03789035230875015
7,7,True,"tensor(-0.6782, grad_fn=<SelectBackward0>)","tensor(-0.1553, grad_fn=<SelectBackward0>)",Hit,-0.1553175449371338
7,7,False,"tensor(-0.4983, grad_fn=<SelectBackward0>)","tensor(-0.0723, grad_fn=<SelectBackward0>)",Hit,-0.07232577353715897
7,8,True,"tensor(-0.7580, grad_fn=<SelectBackward0>)","tensor(-0.3058, grad_fn=<SelectBackward0>)",Hit,-0.305814266204834
7,8,False,"tensor(-0.6038, grad_fn=<SelectBackward0>)","tensor(-0.2075, grad_fn=<SelectBackward0>)",Hit,-0.20752841234207153
7,9,True,"tensor(-0.8438, grad_fn=<SelectBackward0>)","tensor(-0.4612, grad_fn=<SelectBackward0>)",Hit,-0.46118229627609253
7,9,False,"tensor(-0.6859, grad_fn=<SelectBackward0>)","tensor(-0.3293, grad_fn=<SelectBackward0>)",Hit,-0.3292704224586487
7,10,True,"tensor(-0.9156, grad_fn=<SelectBackward0>)","tensor(-0.5597, grad_fn=<SelectBackward0>)",Hit,-0.5596637725830078
7,10,False,"tensor(-0.7606, grad_fn=<SelectBackward0>)","tensor(-0.4236, grad_fn=<SelectBackward0>)",Hit,-0.42356398701667786
8,1,True,"tensor(-1.1456, grad_fn=<SelectBackward0>)","tensor(-0.3946, grad_fn=<SelectBackward0>)",Hit,-0.3946349620819092
8,1,False,"tensor(-1.0161, grad_fn=<SelectBackward0>)","tensor(-0.4017, grad_fn=<SelectBackward0>)",Hit,-0.4017457962036133
8,2,True,"tensor(-0.8007, grad_fn=<SelectBackward0>)","tensor(-0.1905, grad_fn=<SelectBackward0>)",Hit,-0.19054630398750305
8,2,False,"tensor(-0.5803, grad_fn=<SelectBackward0>)","tensor(-0.1513, grad_fn=<SelectBackward0>)",Hit,-0.1512916386127472
8,3,True,"tensor(-0.6532, grad_fn=<SelectBackward0>)","tensor(-0.1078, grad_fn=<SelectBackward0>)",Hit,-0.10783232003450394
8,3,False,"tensor(-0.3853, grad_fn=<SelectBackward0>)","tensor(-0.0793, grad_fn=<SelectBackward0>)",Hit,-0.07934031635522842
8,4,True,"tensor(-0.5611, grad_fn=<SelectBackward0>)","tensor(-0.0338, grad_fn=<SelectBackward0>)",Hit,-0.033795543015003204
8,4,False,"tensor(-0.3891, grad_fn=<SelectBackward0>)","tensor(-0.0429, grad_fn=<SelectBackward0>)",Hit,-0.04291713982820511
8,5,True,"tensor(-0.6043, grad_fn=<SelectBackward0>)","tensor(-0.0094, grad_fn=<SelectBackward0>)",Hit,-0.009424515068531036
8,5,False,"tensor(-0.4364, grad_fn=<SelectBackward0>)","tensor(-0.0111, grad_fn=<SelectBackward0>)",Hit,-0.01112426072359085
8,6,True,"tensor(-0.6163, grad_fn=<SelectBackward0>)","tensor(-0.0015, grad_fn=<SelectBackward0>)",Hit,-0.00147903710603714
8,6,False,"tensor(-0.4407, grad_fn=<SelectBackward0>)","tensor(0.0261, grad_fn=<SelectBackward0>)",Hit,0.026061825454235077
8,7,True,"tensor(-0.6539, grad_fn=<SelectBackward0>)","tensor(-0.0389, grad_fn=<SelectBackward0>)",Hit,-0.03893805295228958
8,7,False,"tensor(-0.4713, grad_fn=<SelectBackward0>)","tensor(0.0245, grad_fn=<SelectBackward0>)",Hit,0.024544022977352142
8,8,True,"tensor(-0.7330, grad_fn=<SelectBackward0>)","tensor(-0.1671, grad_fn=<SelectBackward0>)",Hit,-0.16706138849258423
8,8,False,"tensor(-0.5761, grad_fn=<SelectBackward0>)","tensor(-0.0711, grad_fn=<SelectBackward0>)",Hit,-0.07111556082963943
8,9,True,"tensor(-0.8215, grad_fn=<SelectBackward0>)","tensor(-0.3521, grad_fn=<SelectBackward0>)",Hit,-0.352140337228775
8,9,False,"tensor(-0.6695, grad_fn=<SelectBackward0>)","tensor(-0.2345, grad_fn=<SelectBackward0>)",Hit,-0.23451107740402222
8,10,True,"tensor(-0.9100, grad_fn=<SelectBackward0>)","tensor(-0.5243, grad_fn=<SelectBackward0>)",Hit,-0.5243052840232849
8,10,False,"tensor(-0.7554, grad_fn=<SelectBackward0>)","tensor(-0.3989, grad_fn=<SelectBackward0>)",Hit,-0.39890256524086
9,1,True,"tensor(-1.0371, grad_fn=<SelectBackward0>)","tensor(-0.2769, grad_fn=<SelectBackward0>)",Hit,-0.2769201397895813
9,1,False,"tensor(-0.9745, grad_fn=<SelectBackward0>)","tensor(-0.2783, grad_fn=<SelectBackward0>)",Hit,-0.27827170491218567
9,2,True,"tensor(-0.7227, grad_fn=<SelectBackward0>)","tensor(-0.0789, grad_fn=<SelectBackward0>)",Hit,-0.07892049103975296
9,2,False,"tensor(-0.5958, grad_fn=<SelectBackward0>)","tensor(-0.0403, grad_fn=<SelectBackward0>)",Hit,-0.04032377153635025
9,3,True,"tensor(-0.5977, grad_fn=<SelectBackward0>)","tensor(-0.0388, grad_fn=<SelectBackward0>)",Hit,-0.038759224116802216
9,3,False,"tensor(-0.3853, grad_fn=<SelectBackward0>)","tensor(0.0250, grad_fn=<SelectBackward0>)",Hit,0.02495887130498886
9,4,True,"tensor(-0.5205, grad_fn=<SelectBackward0>)","tensor(0.0320, grad_fn=<SelectBackward0>)",Hit,0.032008878886699677
9,4,False,"tensor(-0.3599, grad_fn=<SelectBackward0>)","tensor(0.0566, grad_fn=<SelectBackward0>)",Hit,0.05664094537496567
9,5,True,"tensor(-0.5596, grad_fn=<SelectBackward0>)","tensor(0.0624, grad_fn=<SelectBackward0>)",Hit,0.06236826628446579
9,5,False,"tensor(-0.4351, grad_fn=<SelectBackward0>)","tensor(0.1005, grad_fn=<SelectBackward0>)",Hit,0.10049978643655777
9,6,True,"tensor(-0.5942, grad_fn=<SelectBackward0>)","tensor(0.0713, grad_fn=<SelectBackward0>)",Hit,0.07127305120229721
9,6,False,"tensor(-0.4932, grad_fn=<SelectBackward0>)","tensor(0.1243, grad_fn=<SelectBackward0>)",Hit,0.12431170791387558
9,7,True,"tensor(-0.6497, grad_fn=<SelectBackward0>)","tensor(0.0562, grad_fn=<SelectBackward0>)",Hit,0.0562412366271019
9,7,False,"tensor(-0.5079, grad_fn=<SelectBackward0>)","tensor(0.1288, grad_fn=<SelectBackward0>)",Hit,0.12879613041877747
9,8,True,"tensor(-0.7113, grad_fn=<SelectBackward0>)","tensor(-0.0475, grad_fn=<SelectBackward0>)",Hit,-0.04750646650791168
9,8,False,"tensor(-0.5595, grad_fn=<SelectBackward0>)","tensor(0.0760, grad_fn=<SelectBackward0>)",Hit,0.07597845047712326
9,9,True,"tensor(-0.7975, grad_fn=<SelectBackward0>)","tensor(-0.1930, grad_fn=<SelectBackward0>)",Hit,-0.1929856538772583
9,9,False,"tensor(-0.6510, grad_fn=<SelectBackward0>)","tensor(-0.0799, grad_fn=<SelectBackward0>)",Hit,-0.07993914932012558
9,10,True,"tensor(-0.8872, grad_fn=<SelectBackward0>)","tensor(-0.3914, grad_fn=<SelectBackward0>)",Hit,-0.39144307374954224
9,10,False,"tensor(-0.7361, grad_fn=<SelectBackward0>)","tensor(-0.2489, grad_fn=<SelectBackward0>)",Hit,-0.24893292784690857
10,1,True,"tensor(-0.9922, grad_fn=<SelectBackward0>)","tensor(-0.1138, grad_fn=<SelectBackward0>)",Hit,-0.11375454813241959
10,1,False,"tensor(-0.9685, grad_fn=<SelectBackward0>)","tensor(-0.1189, grad_fn=<SelectBackward0>)",Hit,-0.11887214332818985
10,2,True,"tensor(-0.6704, grad_fn=<SelectBackward0>)","tensor(0.1115, grad_fn=<SelectBackward0>)",Hit,0.11147963255643845
10,2,False,"tensor(-0.6159, grad_fn=<SelectBackward0>)","tensor(0.1180, grad_fn=<SelectBackward0>)",Hit,0.11800936609506607
10,3,True,"tensor(-0.5576, grad_fn=<SelectBackward0>)","tensor(0.1179, grad_fn=<SelectBackward0>)",Hit,0.1179380789399147
10,3,False,"tensor(-0.4229, grad_fn=<SelectBackward0>)","tensor(0.1680, grad_fn=<SelectBackward0>)",Hit,0.16804301738739014
10,4,True,"tensor(-0.5114, grad_fn=<SelectBackward0>)","tensor(0.1454, grad_fn=<SelectBackward0>)",Hit,0.1454268991947174
10,4,False,"tensor(-0.3576, grad_fn=<SelectBackward0>)","tensor(0.1783, grad_fn=<SelectBackward0>)",Hit,0.17825287580490112
10,5,True,"tensor(-0.5142, grad_fn=<SelectBackward0>)","tensor(0.1521, grad_fn=<SelectBackward0>)",Hit,0.15209083259105682
10,5,False,"tensor(-0.4325, grad_fn=<SelectBackward0>)","tensor(0.2143, grad_fn=<SelectBackward0>)",Hit,0.2143498659133911
10,6,True,"tensor(-0.5950, grad_fn=<SelectBackward0>)","tensor(0.1682, grad_fn=<SelectBackward0>)",Hit,0.16819915175437927
10,6,False,"tensor(-0.5079, grad_fn=<SelectBackward0>)","tensor(0.2269, grad_fn=<SelectBackward0>)",Hit,0.22689083218574524
10,7,True,"tensor(-0.6491, grad_fn=<SelectBackward0>)","tensor(0.1464, grad_fn=<SelectBackward0>)",Hit,0.14635518193244934
10,7,False,"tensor(-0.5587, grad_fn=<SelectBackward0>)","tensor(0.2092, grad_fn=<SelectBackward0>)",Hit,0.2091985046863556
10,8,True,"tensor(-0.7126, grad_fn=<SelectBackward0>)","tensor(0.0558, grad_fn=<SelectBackward0>)",Hit,0.05575713515281677
10,8,False,"tensor(-0.5801, grad_fn=<SelectBackward0>)","tensor(0.1719, grad_fn=<SelectBackward0>)",Hit,0.17186501622200012
10,9,True,"tensor(-0.7738, grad_fn=<SelectBackward0>)","tensor(-0.0689, grad_fn=<SelectBackward0>)",Hit,-0.06891190260648727
10,9,False,"tensor(-0.6493, grad_fn=<SelectBackward0>)","tensor(0.0835, grad_fn=<SelectBackward0>)",Hit,0.08346378803253174
10,10,True,"tensor(-0.8656, grad_fn=<SelectBackward0>)","tensor(-0.2367, grad_fn=<SelectBackward0>)",Hit,-0.23667138814926147
10,10,False,"tensor(-0.7255, grad_fn=<SelectBackward0>)","tensor(-0.0834, grad_fn=<SelectBackward0>)",Hit,-0.0833657905459404
11,1,True,"tensor(-0.9889, grad_fn=<SelectBackward0>)","tensor(-0.0015, grad_fn=<SelectBackward0>)",Hit,-0.001470424234867096
11,1,False,"tensor(-1.0136, grad_fn=<SelectBackward0>)","tensor(-0.0664, grad_fn=<SelectBackward0>)",Hit,-0.06639950722455978
11,2,True,"tensor(-0.6891, grad_fn=<SelectBackward0>)","tensor(0.2210, grad_fn=<SelectBackward0>)",Hit,0.22102725505828857
11,2,False,"tensor(-0.6339, grad_fn=<SelectBackward0>)","tensor(0.1046, grad_fn=<SelectBackward0>)",Hit,0.10459066927433014
11,3,True,"tensor(-0.5135, grad_fn=<SelectBackward0>)","tensor(0.2700, grad_fn=<SelectBackward0>)",Hit,0.2700292468070984
11,3,False,"tensor(-0.4976, grad_fn=<SelectBackward0>)","tensor(0.1990, grad_fn=<SelectBackward0>)",Hit,0.19904333353042603
11,4,True,"tensor(-0.4840, grad_fn=<SelectBackward0>)","tensor(0.2648, grad_fn=<SelectBackward0>)",Hit,0.2648060917854309
11,4,False,"tensor(-0.3955, grad_fn=<SelectBackward0>)","tensor(0.2155, grad_fn=<SelectBackward0>)",Hit,0.2155318558216095
11,5,True,"tensor(-0.4736, grad_fn=<SelectBackward0>)","tensor(0.2552, grad_fn=<SelectBackward0>)",Hit,0.25522589683532715
11,5,False,"tensor(-0.4349, grad_fn=<SelectBackward0>)","tensor(0.2324, grad_fn=<SelectBackward0>)",Hit,0.23238998651504517
11,6,True,"tensor(-0.5684, grad_fn=<SelectBackward0>)","tensor(0.2580, grad_fn=<SelectBackward0>)",Hit,0.25797751545906067
11,6,False,"tensor(-0.5285, grad_fn=<SelectBackward0>)","tensor(0.2383, grad_fn=<SelectBackward0>)",Hit,0.2383427917957306
11,7,True,"tensor(-0.6388, grad_fn=<SelectBackward0>)","tensor(0.2239, grad_fn=<SelectBackward0>)",Hit,0.2239353358745575
11,7,False,"tensor(-0.6060, grad_fn=<SelectBackward0>)","tensor(0.2081, grad_fn=<SelectBackward0>)",Hit,0.20814862847328186
11,8,True,"tensor(-0.7136, grad_fn=<SelectBackward0>)","tensor(0.1435, grad_fn=<SelectBackward0>)",Hit,0.14345893263816833
11,8,False,"tensor(-0.6382, grad_fn=<SelectBackward0>)","tensor(0.1627, grad_fn=<SelectBackward0>)",Hit,0.16270244121551514
11,9,True,"tensor(-0.7874, grad_fn=<SelectBackward0>)","tensor(0.0142, grad_fn=<SelectBackward0>)",Hit,0.014212332665920258
11,9,False,"tensor(-0.6674, grad_fn=<SelectBackward0>)","tensor(0.0643, grad_fn=<SelectBackward0>)",Hit,0.06428581476211548
11,10,True,"tensor(-0.8658, grad_fn=<SelectBackward0>)","tensor(-0.1043, grad_fn=<SelectBackward0>)",Hit,-0.10430619865655899
11,10,False,"tensor(-0.7314, grad_fn=<SelectBackward0>)","tensor(0.0275, grad_fn=<SelectBackward0>)",Hit,0.0274822935461998
12,1,True,"tensor(-0.9726, grad_fn=<SelectBackward0>)","tensor(-0.1270, grad_fn=<SelectBackward0>)",Hit,-0.127010315656662
12,1,False,"tensor(-1.0718, grad_fn=<SelectBackward0>)","tensor(-0.3942, grad_fn=<SelectBackward0>)",Hit,-0.39420318603515625
12,2,True,"tensor(-0.6730, grad_fn=<SelectBackward0>)","tensor(0.1062, grad_fn=<SelectBackward0>)",Hit,0.10620740801095963
12,2,False,"tensor(-0.6857, grad_fn=<SelectBackward0>)","tensor(-0.2503, grad_fn=<SelectBackward0>)",Hit,-0.25031140446662903
12,3,True,"tensor(-0.5100, grad_fn=<SelectBackward0>)","tensor(0.1727, grad_fn=<SelectBackward0>)",Hit,0.17272713780403137
12,3,False,"tensor(-0.5288, grad_fn=<SelectBackward0>)","tensor(-0.2047, grad_fn=<SelectBackward0>)",Hit,-0.20467552542686462
12,4,True,"tensor(-0.3872, grad_fn=<SelectBackward0>)","tensor(0.1825, grad_fn=<SelectBackward0>)",Hit,0.18250492215156555
12,4,False,"tensor(-0.4279, grad_fn=<SelectBackward0>)","tensor(-0.2223, grad_fn=<SelectBackward0>)",Hit,-0.2223261594772339
12,5,True,"tensor(-0.4799, grad_fn=<SelectBackward0>)","tensor(0.1685, grad_fn=<SelectBackward0>)",Hit,0.16849973797798157
12,5,False,"tensor(-0.4540, grad_fn=<SelectBackward0>)","tensor(-0.1956, grad_fn=<SelectBackward0>)",Hit,-0.19560959935188293
12,6,True,"tensor(-0.5507, grad_fn=<SelectBackward0>)","tensor(0.1896, grad_fn=<SelectBackward0>)",Hit,0.1896359920501709
12,6,False,"tensor(-0.5541, grad_fn=<SelectBackward0>)","tensor(-0.1862, grad_fn=<SelectBackward0>)",Hit,-0.1862061321735382
12,7,True,"tensor(-0.6690, grad_fn=<SelectBackward0>)","tensor(0.1804, grad_fn=<SelectBackward0>)",Hit,0.18036502599716187
12,7,False,"tensor(-0.6387, grad_fn=<SelectBackward0>)","tensor(-0.2211, grad_fn=<SelectBackward0>)",Hit,-0.22106072306632996
12,8,True,"tensor(-0.7510, grad_fn=<SelectBackward0>)","tensor(0.0804, grad_fn=<SelectBackward0>)",Hit,0.08041206747293472
12,8,False,"tensor(-0.7056, grad_fn=<SelectBackward0>)","tensor(-0.2963, grad_fn=<SelectBackward0>)",Hit,-0.2963326871395111
12,9,True,"tensor(-0.8304, grad_fn=<SelectBackward0>)","tensor(-0.0534, grad_fn=<SelectBackward0>)",Hit,-0.05343938618898392
12,9,False,"tensor(-0.7390, grad_fn=<SelectBackward0>)","tensor(-0.3575, grad_fn=<SelectBackward0>)",Hit,-0.35749998688697815
12,10,True,"tensor(-0.9076, grad_fn=<SelectBackward0>)","tensor(-0.2329, grad_fn=<SelectBackward0>)",Hit,-0.23293977975845337
12,10,False,"tensor(-0.7866, grad_fn=<SelectBackward0>)","tensor(-0.4779, grad_fn=<SelectBackward0>)",Hit,-0.4778730869293213
13,1,True,"tensor(-0.9439, grad_fn=<SelectBackward0>)","tensor(-0.1791, grad_fn=<SelectBackward0>)",Hit,-0.17908364534378052
13,1,False,"tensor(-1.0704, grad_fn=<SelectBackward0>)","tensor(-0.5552, grad_fn=<SelectBackward0>)",Hit,-0.555150032043457
13,2,True,"tensor(-0.6391, grad_fn=<SelectBackward0>)","tensor(0.0643, grad_fn=<SelectBackward0>)",Hit,0.064344622194767
13,2,False,"tensor(-0.6935, grad_fn=<SelectBackward0>)","tensor(-0.3614, grad_fn=<SelectBackward0>)",Hit,-0.36139482259750366
13,3,True,"tensor(-0.5051, grad_fn=<SelectBackward0>)","tensor(0.1353, grad_fn=<SelectBackward0>)",Hit,0.13530024886131287
13,3,False,"tensor(-0.5288, grad_fn=<SelectBackward0>)","tensor(-0.3035, grad_fn=<SelectBackward0>)",Hit,-0.30346155166625977
13,4,True,"tensor(-0.3760, grad_fn=<SelectBackward0>)","tensor(0.1373, grad_fn=<SelectBackward0>)",Hit,0.13725903630256653
13,4,False,"tensor(-0.4087, grad_fn=<SelectBackward0>)","tensor(-0.3122, grad_fn=<SelectBackward0>)",Hit,-0.31219592690467834
13,5,True,"tensor(-0.4072, grad_fn=<SelectBackward0>)","tensor(0.1525, grad_fn=<SelectBackward0>)",Hit,0.15254664421081543
13,5,False,"tensor(-0.4212, grad_fn=<SelectBackward0>)","tensor(-0.2663, grad_fn=<SelectBackward0>)",Hit,-0.2663094401359558
13,6,True,"tensor(-0.5393, grad_fn=<SelectBackward0>)","tensor(0.1541, grad_fn=<SelectBackward0>)",Hit,0.15412546694278717
13,6,False,"tensor(-0.5481, grad_fn=<SelectBackward0>)","tensor(-0.2372, grad_fn=<SelectBackward0>)",Hit,-0.23718634247779846
13,7,True,"tensor(-0.6615, grad_fn=<SelectBackward0>)","tensor(0.1449, grad_fn=<SelectBackward0>)",Hit,0.14487943053245544
13,7,False,"tensor(-0.6693, grad_fn=<SelectBackward0>)","tensor(-0.2887, grad_fn=<SelectBackward0>)",Hit,-0.28868216276168823
13,8,True,"tensor(-0.7862, grad_fn=<SelectBackward0>)","tensor(0.0550, grad_fn=<SelectBackward0>)",Hit,0.05495098978281021
13,8,False,"tensor(-0.7454, grad_fn=<SelectBackward0>)","tensor(-0.3797, grad_fn=<SelectBackward0>)",Hit,-0.3796655535697937
13,9,True,"tensor(-0.8540, grad_fn=<SelectBackward0>)","tensor(-0.0457, grad_fn=<SelectBackward0>)",Hit,-0.04571647197008133
13,9,False,"tensor(-0.8028, grad_fn=<SelectBackward0>)","tensor(-0.4510, grad_fn=<SelectBackward0>)",Hit,-0.4510014057159424
13,10,True,"tensor(-0.9316, grad_fn=<SelectBackward0>)","tensor(-0.2013, grad_fn=<SelectBackward0>)",Hit,-0.2013465166091919
13,10,False,"tensor(-0.8461, grad_fn=<SelectBackward0>)","tensor(-0.5321, grad_fn=<SelectBackward0>)",Hit,-0.5321159362792969
14,1,True,"tensor(-0.9111, grad_fn=<SelectBackward0>)","tensor(-0.2653, grad_fn=<SelectBackward0>)",Hit,-0.26531583070755005
14,1,False,"tensor(-1.0376, grad_fn=<SelectBackward0>)","tensor(-0.5872, grad_fn=<SelectBackward0>)",Hit,-0.5871628522872925
14,2,True,"tensor(-0.6089, grad_fn=<SelectBackward0>)","tensor(-0.0197, grad_fn=<SelectBackward0>)",Hit,-0.01970585435628891
14,2,False,"tensor(-0.6881, grad_fn=<SelectBackward0>)","tensor(-0.4087, grad_fn=<SelectBackward0>)",Hit,-0.4086682200431824
14,3,True,"tensor(-0.4939, grad_fn=<SelectBackward0>)","tensor(0.0531, grad_fn=<SelectBackward0>)",Hit,0.05314040929079056
14,3,False,"tensor(-0.5250, grad_fn=<SelectBackward0>)","tensor(-0.3568, grad_fn=<SelectBackward0>)",Hit,-0.3568001985549927
14,4,True,"tensor(-0.4071, grad_fn=<SelectBackward0>)","tensor(0.0805, grad_fn=<SelectBackward0>)",Hit,0.0805189236998558
14,4,False,"tensor(-0.4232, grad_fn=<SelectBackward0>)","tensor(-0.3526, grad_fn=<SelectBackward0>)",Hit,-0.35258692502975464
14,5,True,"tensor(-0.3726, grad_fn=<SelectBackward0>)","tensor(0.1079, grad_fn=<SelectBackward0>)",Hit,0.107857845723629
14,5,False,"tensor(-0.3698, grad_fn=<SelectBackward0>)","tensor(-0.3039, grad_fn=<SelectBackward0>)",Hit,-0.3038572072982788
14,6,True,"tensor(-0.4721, grad_fn=<SelectBackward0>)","tensor(0.1040, grad_fn=<SelectBackward0>)",Hit,0.1040048599243164
14,6,False,"tensor(-0.5356, grad_fn=<SelectBackward0>)","tensor(-0.2734, grad_fn=<SelectBackward0>)",Hit,-0.27339237928390503
14,7,True,"tensor(-0.6527, grad_fn=<SelectBackward0>)","tensor(0.0870, grad_fn=<SelectBackward0>)",Hit,0.08702162653207779
14,7,False,"tensor(-0.6761, grad_fn=<SelectBackward0>)","tensor(-0.3273, grad_fn=<SelectBackward0>)",Hit,-0.3272910714149475
14,8,True,"tensor(-0.7808, grad_fn=<SelectBackward0>)","tensor(0.0075, grad_fn=<SelectBackward0>)",Hit,0.007483221590518951
14,8,False,"tensor(-0.7789, grad_fn=<SelectBackward0>)","tensor(-0.4155, grad_fn=<SelectBackward0>)",Hit,-0.4155097007751465
14,9,True,"tensor(-0.8975, grad_fn=<SelectBackward0>)","tensor(-0.1135, grad_fn=<SelectBackward0>)",Hit,-0.11351186782121658
14,9,False,"tensor(-0.8389, grad_fn=<SelectBackward0>)","tensor(-0.5051, grad_fn=<SelectBackward0>)",Hit,-0.50511634349823
14,10,True,"tensor(-0.9752, grad_fn=<SelectBackward0>)","tensor(-0.2428, grad_fn=<SelectBackward0>)",Hit,-0.24280506372451782
14,10,False,"tensor(-0.9041, grad_fn=<SelectBackward0>)","tensor(-0.5748, grad_fn=<SelectBackward0>)",Hit,-0.5747951865196228
15,1,True,"tensor(-0.8757, grad_fn=<SelectBackward0>)","tensor(-0.3521, grad_fn=<SelectBackward0>)",Hit,-0.35209912061691284
15,1,False,"tensor(-0.9944, grad_fn=<SelectBackward0>)","tensor(-0.6219, grad_fn=<SelectBackward0>)",Hit,-0.621891975402832
15,2,True,"tensor(-0.5657, grad_fn=<SelectBackward0>)","tensor(-0.1059, grad_fn=<SelectBackward0>)",Hit,-0.10586034506559372
15,2,False,"tensor(-0.6629, grad_fn=<SelectBackward0>)","tensor(-0.4829, grad_fn=<SelectBackward0>)",Hit,-0.4829426407814026
15,3,True,"tensor(-0.4614, grad_fn=<SelectBackward0>)","tensor(-0.0278, grad_fn=<SelectBackward0>)",Hit,-0.027787506580352783
15,3,False,"tensor(-0.4993, grad_fn=<SelectBackward0>)","tensor(-0.4430, grad_fn=<SelectBackward0>)",Hit,-0.44301271438598633
15,4,True,"tensor(-0.3925, grad_fn=<SelectBackward0>)","tensor(0.0486, grad_fn=<SelectBackward0>)",Hit,0.04856257885694504
15,4,False,"tensor(-0.4267, grad_fn=<SelectBackward0>)","tensor(-0.4067, grad_fn=<SelectBackward0>)",Hit,-0.40674281120300293
15,5,True,"tensor(-0.2873, grad_fn=<SelectBackward0>)","tensor(0.1047, grad_fn=<SelectBackward0>)",Hit,0.10471675544977188
15,5,False,"tensor(-0.3522, grad_fn=<SelectBackward0>)","tensor(-0.3701, grad_fn=<SelectBackward0>)",Stand,-0.3522297143936157
15,6,True,"tensor(-0.3827, grad_fn=<SelectBackward0>)","tensor(0.1056, grad_fn=<SelectBackward0>)",Hit,0.10558564215898514
15,6,False,"tensor(-0.4407, grad_fn=<SelectBackward0>)","tensor(-0.3203, grad_fn=<SelectBackward0>)",Hit,-0.32029587030410767
15,7,True,"tensor(-0.5660, grad_fn=<SelectBackward0>)","tensor(0.0642, grad_fn=<SelectBackward0>)",Hit,0.0641910508275032
15,7,False,"tensor(-0.6341, grad_fn=<SelectBackward0>)","tensor(-0.3818, grad_fn=<SelectBackward0>)",Hit,-0.3818053603172302
15,8,True,"tensor(-0.7578, grad_fn=<SelectBackward0>)","tensor(-0.0214, grad_fn=<SelectBackward0>)",Hit,-0.021352656185626984
15,8,False,"tensor(-0.7779, grad_fn=<SelectBackward0>)","tensor(-0.4520, grad_fn=<SelectBackward0>)",Hit,-0.45204246044158936
15,9,True,"tensor(-0.8978, grad_fn=<SelectBackward0>)","tensor(-0.1464, grad_fn=<SelectBackward0>)",Hit,-0.14644575119018555
15,9,False,"tensor(-0.8853, grad_fn=<SelectBackward0>)","tensor(-0.5412, grad_fn=<SelectBackward0>)",Hit,-0.5412486791610718
15,10,True,"tensor(-0.9973, grad_fn=<SelectBackward0>)","tensor(-0.2873, grad_fn=<SelectBackward0>)",Hit,-0.28729677200317383
15,10,False,"tensor(-0.8461, grad_fn=<SelectBackward0>)","tensor(-0.6072, grad_fn=<SelectBackward0>)",Hit,-0.6072121858596802
16,1,True,"tensor(-0.8489, grad_fn=<SelectBackward0>)","tensor(-0.3521, grad_fn=<SelectBackward0>)",Hit,-0.3521365225315094
16,1,False,"tensor(-0.9330, grad_fn=<SelectBackward0>)","tensor(-0.6946, grad_fn=<SelectBackward0>)",Hit,-0.6945521235466003
16,2,True,"tensor(-0.4597, grad_fn=<SelectBackward0>)","tensor(-0.1023, grad_fn=<SelectBackward0>)",Hit,-0.10226776450872421
16,2,False,"tensor(-0.5626, grad_fn=<SelectBackward0>)","tensor(-0.5952, grad_fn=<SelectBackward0>)",Stand,-0.5626246929168701
16,3,True,"tensor(-0.3422, grad_fn=<SelectBackward0>)","tensor(-0.0250, grad_fn=<SelectBackward0>)",Hit,-0.024996809661388397
16,3,False,"tensor(-0.4148, grad_fn=<SelectBackward0>)","tensor(-0.5746, grad_fn=<SelectBackward0>)",Stand,-0.4148070812225342
16,4,True,"tensor(-0.2773, grad_fn=<SelectBackward0>)","tensor(0.0485, grad_fn=<SelectBackward0>)",Hit,0.04854140430688858
16,4,False,"tensor(-0.3579, grad_fn=<SelectBackward0>)","tensor(-0.5020, grad_fn=<SelectBackward0>)",Stand,-0.3579479455947876
16,5,True,"tensor(-0.1839, grad_fn=<SelectBackward0>)","tensor(0.1098, grad_fn=<SelectBackward0>)",Hit,0.10977660864591599
16,5,False,"tensor(-0.2988, grad_fn=<SelectBackward0>)","tensor(-0.4581, grad_fn=<SelectBackward0>)",Stand,-0.2987508177757263
16,6,True,"tensor(-0.1699, grad_fn=<SelectBackward0>)","tensor(0.1234, grad_fn=<SelectBackward0>)",Hit,0.12341367453336716
16,6,False,"tensor(-0.2582, grad_fn=<SelectBackward0>)","tensor(-0.4333, grad_fn=<SelectBackward0>)",Stand,-0.25817155838012695
16,7,True,"tensor(-0.4345, grad_fn=<SelectBackward0>)","tensor(0.0830, grad_fn=<SelectBackward0>)",Hit,0.08297517150640488
16,7,False,"tensor(-0.5414, grad_fn=<SelectBackward0>)","tensor(-0.4709, grad_fn=<SelectBackward0>)",Hit,-0.4708518981933594
16,8,True,"tensor(-0.6451, grad_fn=<SelectBackward0>)","tensor(-0.0253, grad_fn=<SelectBackward0>)",Hit,-0.025304444134235382
16,8,False,"tensor(-0.6836, grad_fn=<SelectBackward0>)","tensor(-0.5071, grad_fn=<SelectBackward0>)",Hit,-0.5071388483047485
16,9,True,"tensor(-0.8115, grad_fn=<SelectBackward0>)","tensor(-0.1456, grad_fn=<SelectBackward0>)",Hit,-0.1455901861190796
16,9,False,"tensor(-0.7558, grad_fn=<SelectBackward0>)","tensor(-0.5846, grad_fn=<SelectBackward0>)",Hit,-0.5846410989761353
16,10,True,"tensor(-0.9117, grad_fn=<SelectBackward0>)","tensor(-0.2932, grad_fn=<SelectBackward0>)",Hit,-0.29319918155670166
16,10,False,"tensor(-0.8044, grad_fn=<SelectBackward0>)","tensor(-0.6672, grad_fn=<SelectBackward0>)",Hit,-0.6672292947769165
17,1,True,"tensor(-0.6413, grad_fn=<SelectBackward0>)","tensor(-0.3194, grad_fn=<SelectBackward0>)",Hit,-0.31939297914505005
17,1,False,"tensor(-0.7902, grad_fn=<SelectBackward0>)","tensor(-0.7853, grad_fn=<SelectBackward0>)",Hit,-0.7853490114212036
17,2,True,"tensor(-0.1513, grad_fn=<SelectBackward0>)","tensor(-0.0794, grad_fn=<SelectBackward0>)",Hit,-0.07939166575670242
17,2,False,"tensor(-0.2955, grad_fn=<SelectBackward0>)","tensor(-0.6946, grad_fn=<SelectBackward0>)",Stand,-0.29550206661224365
17,3,True,"tensor(-0.0417, grad_fn=<SelectBackward0>)","tensor(0.0085, grad_fn=<SelectBackward0>)",Hit,0.008478395640850067
17,3,False,"tensor(-0.1458, grad_fn=<SelectBackward0>)","tensor(-0.6526, grad_fn=<SelectBackward0>)",Stand,-0.14579257369041443
17,4,True,"tensor(-0.0014, grad_fn=<SelectBackward0>)","tensor(0.0675, grad_fn=<SelectBackward0>)",Hit,0.06751399487257004
17,4,False,"tensor(-0.0649, grad_fn=<SelectBackward0>)","tensor(-0.5744, grad_fn=<SelectBackward0>)",Stand,-0.06489959359169006
17,5,True,"tensor(0.1118, grad_fn=<SelectBackward0>)","tensor(0.1357, grad_fn=<SelectBackward0>)",Hit,0.13567256927490234
17,5,False,"tensor(-0.0379, grad_fn=<SelectBackward0>)","tensor(-0.5372, grad_fn=<SelectBackward0>)",Stand,-0.03789575397968292
17,6,True,"tensor(0.1820, grad_fn=<SelectBackward0>)","tensor(0.1583, grad_fn=<SelectBackward0>)",Stand,0.1819581836462021
17,6,False,"tensor(0.0873, grad_fn=<SelectBackward0>)","tensor(-0.5226, grad_fn=<SelectBackward0>)",Stand,0.08733581006526947
17,7,True,"tensor(0.0497, grad_fn=<SelectBackward0>)","tensor(0.1394, grad_fn=<SelectBackward0>)",Hit,0.13937363028526306
17,7,False,"tensor(-0.0773, grad_fn=<SelectBackward0>)","tensor(-0.5707, grad_fn=<SelectBackward0>)",Stand,-0.07728846371173859
17,8,True,"tensor(-0.3016, grad_fn=<SelectBackward0>)","tensor(0.0101, grad_fn=<SelectBackward0>)",Hit,0.010098837316036224
17,8,False,"tensor(-0.4173, grad_fn=<SelectBackward0>)","tensor(-0.6106, grad_fn=<SelectBackward0>)",Stand,-0.4173322319984436
17,9,True,"tensor(-0.5781, grad_fn=<SelectBackward0>)","tensor(-0.1344, grad_fn=<SelectBackward0>)",Hit,-0.1343623697757721
17,9,False,"tensor(-0.5783, grad_fn=<SelectBackward0>)","tensor(-0.6424, grad_fn=<SelectBackward0>)",Stand,-0.5783382058143616
17,10,True,"tensor(-0.7632, grad_fn=<SelectBackward0>)","tensor(-0.2800, grad_fn=<SelectBackward0>)",Hit,-0.27996742725372314
17,10,False,"tensor(-0.6446, grad_fn=<SelectBackward0>)","tensor(-0.7242, grad_fn=<SelectBackward0>)",Stand,-0.6446043848991394
18,1,True,"tensor(-0.3317, grad_fn=<SelectBackward0>)","tensor(-0.2824, grad_fn=<SelectBackward0>)",Hit,-0.282373309135437
18,1,False,"tensor(-0.4721, grad_fn=<SelectBackward0>)","tensor(-0.8534, grad_fn=<SelectBackward0>)",Stand,-0.47210830450057983
18,2,True,"tensor(0.1704, grad_fn=<SelectBackward0>)","tensor(-0.0668, grad_fn=<SelectBackward0>)",Stand,0.1704479306936264
18,2,False,"tensor(0.1029, grad_fn=<SelectBackward0>)","tensor(-0.7689, grad_fn=<SelectBackward0>)",Stand,0.10292352735996246
18,3,True,"tensor(0.2817, grad_fn=<SelectBackward0>)","tensor(0.0433, grad_fn=<SelectBackward0>)",Stand,0.2817479372024536
18,3,False,"tensor(0.2275, grad_fn=<SelectBackward0>)","tensor(-0.7174, grad_fn=<SelectBackward0>)",Stand,0.22749067842960358
18,4,True,"tensor(0.2933, grad_fn=<SelectBackward0>)","tensor(0.0872, grad_fn=<SelectBackward0>)",Stand,0.2932876944541931
18,4,False,"tensor(0.3090, grad_fn=<SelectBackward0>)","tensor(-0.6474, grad_fn=<SelectBackward0>)",Stand,0.30896419286727905
18,5,True,"tensor(0.4031, grad_fn=<SelectBackward0>)","tensor(0.1555, grad_fn=<SelectBackward0>)",Stand,0.40314584970474243
18,5,False,"tensor(0.3393, grad_fn=<SelectBackward0>)","tensor(-0.6101, grad_fn=<SelectBackward0>)",Stand,0.33929896354675293
18,6,True,"tensor(0.4535, grad_fn=<SelectBackward0>)","tensor(0.1927, grad_fn=<SelectBackward0>)",Stand,0.4534913897514343
18,6,False,"tensor(0.3974, grad_fn=<SelectBackward0>)","tensor(-0.5925, grad_fn=<SelectBackward0>)",Stand,0.39742761850357056
18,7,True,"tensor(0.4344, grad_fn=<SelectBackward0>)","tensor(0.1744, grad_fn=<SelectBackward0>)",Stand,0.43438059091567993
18,7,False,"tensor(0.4320, grad_fn=<SelectBackward0>)","tensor(-0.6531, grad_fn=<SelectBackward0>)",Stand,0.43195194005966187
18,8,True,"tensor(0.1985, grad_fn=<SelectBackward0>)","tensor(0.0572, grad_fn=<SelectBackward0>)",Stand,0.19846613705158234
18,8,False,"tensor(0.1293, grad_fn=<SelectBackward0>)","tensor(-0.6985, grad_fn=<SelectBackward0>)",Stand,0.1292627900838852
18,9,True,"tensor(-0.1335, grad_fn=<SelectBackward0>)","tensor(-0.0844, grad_fn=<SelectBackward0>)",Hit,-0.0844225212931633
18,9,False,"tensor(-0.2054, grad_fn=<SelectBackward0>)","tensor(-0.7340, grad_fn=<SelectBackward0>)",Stand,-0.20543090999126434
18,10,True,"tensor(-0.4767, grad_fn=<SelectBackward0>)","tensor(-0.2440, grad_fn=<SelectBackward0>)",Hit,-0.24398550391197205
18,10,False,"tensor(-0.4019, grad_fn=<SelectBackward0>)","tensor(-0.7834, grad_fn=<SelectBackward0>)",Stand,-0.4018929600715637
19,1,True,"tensor(0.0049, grad_fn=<SelectBackward0>)","tensor(-0.2575, grad_fn=<SelectBackward0>)",Stand,0.00494597852230072
19,1,False,"tensor(-0.1198, grad_fn=<SelectBackward0>)","tensor(-0.9218, grad_fn=<SelectBackward0>)",Stand,-0.11981385946273804
19,2,True,"tensor(0.4859, grad_fn=<SelectBackward0>)","tensor(-0.0421, grad_fn=<SelectBackward0>)",Stand,0.48591309785842896
19,2,False,"tensor(0.4551, grad_fn=<SelectBackward0>)","tensor(-0.8455, grad_fn=<SelectBackward0>)",Stand,0.4551333785057068
19,3,True,"tensor(0.5924, grad_fn=<SelectBackward0>)","tensor(0.0694, grad_fn=<SelectBackward0>)",Stand,0.592357337474823
19,3,False,"tensor(0.5793, grad_fn=<SelectBackward0>)","tensor(-0.7878, grad_fn=<SelectBackward0>)",Stand,0.5792788863182068
19,4,True,"tensor(0.5924, grad_fn=<SelectBackward0>)","tensor(0.1118, grad_fn=<SelectBackward0>)",Stand,0.5924002528190613
19,4,False,"tensor(0.6043, grad_fn=<SelectBackward0>)","tensor(-0.7236, grad_fn=<SelectBackward0>)",Stand,0.6042860150337219
19,5,True,"tensor(0.6263, grad_fn=<SelectBackward0>)","tensor(0.1720, grad_fn=<SelectBackward0>)",Stand,0.6262724995613098
19,5,False,"tensor(0.6159, grad_fn=<SelectBackward0>)","tensor(-0.6834, grad_fn=<SelectBackward0>)",Stand,0.6159264445304871
19,6,True,"tensor(0.6473, grad_fn=<SelectBackward0>)","tensor(0.2112, grad_fn=<SelectBackward0>)",Stand,0.6473392844200134
19,6,False,"tensor(0.6269, grad_fn=<SelectBackward0>)","tensor(-0.6600, grad_fn=<SelectBackward0>)",Stand,0.6269224286079407
19,7,True,"tensor(0.6905, grad_fn=<SelectBackward0>)","tensor(0.1974, grad_fn=<SelectBackward0>)",Stand,0.6905030012130737
19,7,False,"tensor(0.6993, grad_fn=<SelectBackward0>)","tensor(-0.7043, grad_fn=<SelectBackward0>)",Stand,0.6992706656455994
19,8,True,"tensor(0.6069, grad_fn=<SelectBackward0>)","tensor(0.0972, grad_fn=<SelectBackward0>)",Stand,0.6068718433380127
19,8,False,"tensor(0.5938, grad_fn=<SelectBackward0>)","tensor(-0.7837, grad_fn=<SelectBackward0>)",Stand,0.5938443541526794
19,9,True,"tensor(0.3280, grad_fn=<SelectBackward0>)","tensor(-0.0347, grad_fn=<SelectBackward0>)",Stand,0.3279963731765747
19,9,False,"tensor(0.2988, grad_fn=<SelectBackward0>)","tensor(-0.8196, grad_fn=<SelectBackward0>)",Stand,0.29878538846969604
19,10,True,"tensor(0.0042, grad_fn=<SelectBackward0>)","tensor(-0.1799, grad_fn=<SelectBackward0>)",Stand,0.004171252250671387
19,10,False,"tensor(0.0011, grad_fn=<SelectBackward0>)","tensor(-0.8677, grad_fn=<SelectBackward0>)",Stand,0.0010690838098526
20,1,True,"tensor(0.3417, grad_fn=<SelectBackward0>)","tensor(-0.2501, grad_fn=<SelectBackward0>)",Stand,0.3417434096336365
20,1,False,"tensor(0.2447, grad_fn=<SelectBackward0>)","tensor(-1.0002, grad_fn=<SelectBackward0>)",Stand,0.24474628269672394
20,2,True,"tensor(0.7721, grad_fn=<SelectBackward0>)","tensor(-0.0115, grad_fn=<SelectBackward0>)",Stand,0.7720971703529358
20,2,False,"tensor(0.7484, grad_fn=<SelectBackward0>)","tensor(-0.9084, grad_fn=<SelectBackward0>)",Stand,0.7483834028244019
20,3,True,"tensor(0.7784, grad_fn=<SelectBackward0>)","tensor(0.0882, grad_fn=<SelectBackward0>)",Stand,0.7784498333930969
20,3,False,"tensor(0.7716, grad_fn=<SelectBackward0>)","tensor(-0.8535, grad_fn=<SelectBackward0>)",Stand,0.7716476321220398
20,4,True,"tensor(0.7604, grad_fn=<SelectBackward0>)","tensor(0.1284, grad_fn=<SelectBackward0>)",Stand,0.7603882551193237
20,4,False,"tensor(0.7789, grad_fn=<SelectBackward0>)","tensor(-0.7956, grad_fn=<SelectBackward0>)",Stand,0.7789129614830017
20,5,True,"tensor(0.7650, grad_fn=<SelectBackward0>)","tensor(0.1765, grad_fn=<SelectBackward0>)",Stand,0.7649747729301453
20,5,False,"tensor(0.7947, grad_fn=<SelectBackward0>)","tensor(-0.7525, grad_fn=<SelectBackward0>)",Stand,0.7946982979774475
20,6,True,"tensor(0.7859, grad_fn=<SelectBackward0>)","tensor(0.2193, grad_fn=<SelectBackward0>)",Stand,0.7858837246894836
20,6,False,"tensor(0.8009, grad_fn=<SelectBackward0>)","tensor(-0.7295, grad_fn=<SelectBackward0>)",Stand,0.8009155988693237
20,7,True,"tensor(0.8143, grad_fn=<SelectBackward0>)","tensor(0.2159, grad_fn=<SelectBackward0>)",Stand,0.8143183588981628
20,7,False,"tensor(0.8477, grad_fn=<SelectBackward0>)","tensor(-0.7687, grad_fn=<SelectBackward0>)",Stand,0.8477464318275452
20,8,True,"tensor(0.8166, grad_fn=<SelectBackward0>)","tensor(0.1056, grad_fn=<SelectBackward0>)",Stand,0.8166242837905884
20,8,False,"tensor(0.8783, grad_fn=<SelectBackward0>)","tensor(-0.8593, grad_fn=<SelectBackward0>)",Stand,0.8783155083656311
20,9,True,"tensor(0.7377, grad_fn=<SelectBackward0>)","tensor(-0.0043, grad_fn=<SelectBackward0>)",Stand,0.7376998066902161
20,9,False,"tensor(0.7344, grad_fn=<SelectBackward0>)","tensor(-0.9063, grad_fn=<SelectBackward0>)",Stand,0.7344159483909607
20,10,True,"tensor(0.4566, grad_fn=<SelectBackward0>)","tensor(-0.1456, grad_fn=<SelectBackward0>)",Stand,0.4566473364830017
20,10,False,"tensor(0.4553, grad_fn=<SelectBackward0>)","tensor(-0.9423, grad_fn=<SelectBackward0>)",Stand,0.45533472299575806
